first_name,last_name,status_donador
Delmor Dorricott,ddorricott0@w3.org,2
Wilek Godlee,wgodlee1@sina.com.cn,1
Waldo Follet,wfollet2@usgs.gov,1
Maritsa Procter,mprocter3@pbs.org,2
Worthington Roose,wroose4@cyberchimps.com,2
Stoddard Sendall,ssendall5@webeden.co.uk,1
Erik Tuminini,etuminini6@hud.gov,1
Torie Icke,ticke7@gov.uk,2
Titos Joontjes,tjoontjes8@google.nl,2
Burg Danaher,bdanaher9@phpbb.com,1
Aubrette D'Alessio,adalessioa@barnesandnoble.com,1
Clara Reglar,creglarb@independent.co.uk,1
Jobi Ferriere,jferrierec@wufoo.com,1
Estele Corain,ecoraind@prweb.com,1
Brigham Berthouloume,bberthouloumee@de.vu,2
Shea Duran,sduranf@salon.com,2
Ham Bednall,hbednallg@blogtalkradio.com,2
Aharon Matoshin,amatoshinh@tripadvisor.com,1
Jerrome Battams,jbattamsi@wired.com,1
Garland Genery,ggeneryj@nbcnews.com,2
Annora Wrenn,awrennk@tripod.com,1
Cindy Wagstaff,cwagstaffl@mapy.cz,2
Roze Ricci,rriccim@exblog.jp,2
Ina Duggary,iduggaryn@oaic.gov.au,1
Milissent Yter,mytero@zdnet.com,2
Keslie Keighley,kkeighleyp@usa.gov,2
Jereme Wiffen,jwiffenq@nasa.gov,2
Ambrosio Kehoe,akehoer@auda.org.au,1
Megan Timbs,mtimbss@reverbnation.com,1
Ives Menlove,imenlovet@simplemachines.org,1
Wynn Keeton,wkeetonu@fema.gov,1
Elaina Vercruysse,evercruyssev@yahoo.com,1
Levey Jedryka,ljedrykaw@bloglines.com,1
Michaeline Lucock,mlucockx@ameblo.jp,1
Marguerite Gluyus,mgluyusy@reference.com,1
Maia Bearne,mbearnez@biglobe.ne.jp,1
Roosevelt Ingliby,ringliby10@paginegialle.it,1
Ericka Simmon,esimmon11@sourceforge.net,1
George Hebbard,ghebbard12@cisco.com,2
Leone California,lcalifornia13@google.it,1
Cyndy Tripean,ctripean14@prnewswire.com,1
Shell Walles,swalles15@wix.com,1
Colver Chant,cchant16@youtu.be,2
Sherm Ortega,sortega17@plala.or.jp,1
Cooper Brende,cbrende18@dagondesign.com,1
Skip Pidler,spidler19@fastcompany.com,1
Roxana Stratton,rstratton1a@cafepress.com,2
Gladys Clyne,gclyne1b@google.co.uk,2
Sharline Faichney,sfaichney1c@thetimes.co.uk,1
Helene Dennitts,hdennitts1d@shop-pro.jp,2
Shawn Hanaby,shanaby1e@un.org,2
Aurea Husher,ahusher1f@canalblog.com,2
Drusy Farmar,dfarmar1g@pcworld.com,2
Dallas Van Hove,dvan1h@cisco.com,1
Rhody Stirley,rstirley1i@123-reg.co.uk,1
Bone Hannum,bhannum1j@wired.com,2
Larine Roughan,lroughan1k@reference.com,1
Bethanne Skittle,bskittle1l@homestead.com,1
Tabina Ebenezer,tebenezer1m@meetup.com,1
Kaiser Querree,kquerree1n@netlog.com,2
Brunhilde de Tocqueville,bde1o@house.gov,2
Heriberto Fidgin,hfidgin1p@biglobe.ne.jp,2
Cass Dungee,cdungee1q@earthlink.net,1
Ralph Ferrand,rferrand1r@networkadvertising.org,1
Benjamen Handley,bhandley1s@abc.net.au,1
Vittorio Dinnis,vdinnis1t@issuu.com,1
Nathalia Zecchi,nzecchi1u@cnbc.com,2
Holden Womersley,hwomersley1v@ibm.com,1
Mora Petrishchev,mpetrishchev1w@cbsnews.com,1
Gary Indge,gindge1x@mozilla.com,2
Tristam Jakobssen,tjakobssen1y@irs.gov,1
Evangelina Moodycliffe,emoodycliffe1z@de.vu,2
Mallissa Elintune,melintune20@ibm.com,1
Lianna Hully,lhully21@sfgate.com,2
Billy Snar,bsnar22@seesaa.net,2
Bob Huxham,bhuxham23@microsoft.com,2
Connie Longcake,clongcake24@rediff.com,1
Roosevelt Bettenson,rbettenson25@1688.com,1
Boris Miller,bmiller26@theglobeandmail.com,1
Thayne Garrick,tgarrick27@sourceforge.net,1
Rayner Youll,ryoull28@over-blog.com,1
Cherianne Kingsnod,ckingsnod29@elpais.com,2
Paulina Willett,pwillett2a@last.fm,2
Vladamir Sprowles,vsprowles2b@stumbleupon.com,1
Irene Thorndycraft,ithorndycraft2c@wired.com,2
Mareah Rothon,mrothon2d@wufoo.com,1
Roseanna Meckiff,rmeckiff2e@dagondesign.com,2
Rasla Pocock,rpocock2f@bbb.org,2
Alec Loncaster,aloncaster2g@mail.ru,2
Marge Faussett,mfaussett2h@google.co.jp,2
Almeria Skinn,askinn2i@salon.com,1
Colas Getcliffe,cgetcliffe2j@auda.org.au,2
Bryon Tobin,btobin2k@github.com,1
Douglas Vitler,dvitler2l@oaic.gov.au,2
Jackelyn Marrows,jmarrows2m@flickr.com,2
Alwin Jordison,ajordison2n@csmonitor.com,1
Ailina Cow,acow2o@harvard.edu,1
Gottfried Tunnicliffe,gtunnicliffe2p@forbes.com,1
Major Potkin,mpotkin2q@auda.org.au,1
Gerrilee Scriviner,gscriviner2r@si.edu,2
Anneliese Brailsford,abrailsford2s@nba.com,2
Kane Yon,kyon2t@soundcloud.com,2
Cameron Joseph,cjoseph2u@ibm.com,1
Rianon Kyne,rkyne2v@hostgator.com,1
Horton Weatherby,hweatherby2w@nature.com,2
Shana Caruth,scaruth2x@theguardian.com,2
Jeth Hallor,jhallor2y@ocn.ne.jp,2
Heida Yallowley,hyallowley2z@delicious.com,2
Brynne Bockmaster,bbockmaster30@yellowbook.com,1
Papageno Diack,pdiack31@seattletimes.com,1
Ty McElmurray,tmcelmurray32@bizjournals.com,1
Ddene Burvill,dburvill33@uol.com.br,1
Thekla Joanic,tjoanic34@wikipedia.org,2
Rosanne Moughton,rmoughton35@prweb.com,1
Stacia Guilleton,sguilleton36@ted.com,1
Virgilio McKeating,vmckeating37@theguardian.com,1
Kennith De la Yglesia,kde38@dmoz.org,1
Austin Andrioni,aandrioni39@baidu.com,1
Evangelina Davidesco,edavidesco3a@yahoo.co.jp,2
Onfre Fane,ofane3b@ftc.gov,1
Arther Doby,adoby3c@va.gov,2
Heddie Bedinham,hbedinham3d@yahoo.co.jp,2
Westley Thursby,wthursby3e@dailymotion.com,2
Ulick Macer,umacer3f@gravatar.com,1
Meghan Fonteyne,mfonteyne3g@google.de,1
Hobey Pickle,hpickle3h@drupal.org,1
Pepi Briand,pbriand3i@wunderground.com,2
Alla McArley,amcarley3j@nasa.gov,2
Delcina Kupec,dkupec3k@craigslist.org,1
Vi Aslet,vaslet3l@virginia.edu,1
Jonathon Glendenning,jglendenning3m@quantcast.com,2
Wandis Menichini,wmenichini3n@twitter.com,2
Chery Jakubowicz,cjakubowicz3o@sciencedaily.com,2
Deeanne Canning,dcanning3p@nih.gov,2
Andreana Bolden,abolden3q@fda.gov,2
Sibylle Fairbrass,sfairbrass3r@odnoklassniki.ru,1
Eli Pendrigh,ependrigh3s@webeden.co.uk,1
Kathie Fifield,kfifield3t@bigcartel.com,1
Winnie Allsworth,wallsworth3u@cmu.edu,1
Husain Magor,hmagor3v@naver.com,2
Luigi Duigenan,lduigenan3w@joomla.org,1
Viviyan Edgett,vedgett3x@themeforest.net,1
Ware Kliche,wkliche3y@people.com.cn,2
Winni Chitham,wchitham3z@answers.com,2
Dulcea Baxill,dbaxill40@ning.com,1
Rahel Goodered,rgoodered41@php.net,1
Hilde Whitebread,hwhitebread42@drupal.org,2
Chickie Neggrini,cneggrini43@list-manage.com,1
Lemar Ridolfi,lridolfi44@twitter.com,2
Lib Ricciardello,lricciardello45@theatlantic.com,1
Adrianna Antonov,aantonov46@about.me,2
Sammie Mynard,smynard47@msu.edu,1
Honoria Headingham,hheadingham48@harvard.edu,2
Trudy Peasegod,tpeasegod49@foxnews.com,2
Kaleb Espinoy,kespinoy4a@theguardian.com,2
Filide Linny,flinny4b@phpbb.com,1
Clarine Kenright,ckenright4c@aboutads.info,1
Kristofer Vila,kvila4d@imageshack.us,1
Wendeline Toohey,wtoohey4e@soundcloud.com,1
Darda Warkup,dwarkup4f@spotify.com,2
Krystle Cavell,kcavell4g@ehow.com,2
Camila Berford,cberford4h@nymag.com,2
Ardyce Shearston,ashearston4i@comsenz.com,1
Emlynn Double,edouble4j@cbslocal.com,1
Natale Casham,ncasham4k@hatena.ne.jp,2
Norine Alcoran,nalcoran4l@imageshack.us,1
Ailis Fendley,afendley4m@example.com,2
Rici Errowe,rerrowe4n@wikipedia.org,1
Daryn Luc,dluc4o@virginia.edu,2
Danica Wilkes,dwilkes4p@hhs.gov,2
Sig Pitsall,spitsall4q@istockphoto.com,1
Annis Colgan,acolgan4r@bloglines.com,2
Steffen Shatford,sshatford4s@nba.com,2
Hannie Berni,hberni4t@businesswire.com,2
Evania Dady,edady4u@twitpic.com,2
Samuele Rawlingson,srawlingson4v@acquirethisname.com,1
Curtis Purbrick,cpurbrick4w@cargocollective.com,2
Franciska Freyn,ffreyn4x@shutterfly.com,2
Shannen Reeders,sreeders4y@npr.org,2
Willard Arnaldy,warnaldy4z@narod.ru,2
Buffy Buzzing,bbuzzing50@tripadvisor.com,2
Harbert Merrien,hmerrien51@whitehouse.gov,2
Joelie Goodered,jgoodered52@themeforest.net,2
Mathian Sallows,msallows53@dion.ne.jp,1
Gusti Griffithe,ggriffithe54@creativecommons.org,2
Jaquelin McInnery,jmcinnery55@icio.us,2
Brinna Kingsman,bkingsman56@over-blog.com,2
Woodrow Swynfen,wswynfen57@miibeian.gov.cn,1
Bill Blackie,bblackie58@google.co.jp,1
Deidre Androli,dandroli59@businessweek.com,2
Bertine Egerton,begerton5a@cpanel.net,2
Timotheus Gotthard.sf,tgotthardsf5b@cdc.gov,1
Webster Janatka,wjanatka5c@nature.com,2
Gian Piatkow,gpiatkow5d@jugem.jp,2
Johny Navarro,jnavarro5e@cnet.com,2
Keith Hebblethwaite,khebblethwaite5f@github.io,1
Ruthanne Beaver,rbeaver5g@washingtonpost.com,1
Newton Ealden,nealden5h@over-blog.com,2
Norman Goldston,ngoldston5i@bizjournals.com,2
Kean Irdale,kirdale5j@ebay.com,1
Nap MacCaull,nmaccaull5k@google.nl,2
Winifred Carrigan,wcarrigan5l@creativecommons.org,2
Franklyn Rennick,frennick5m@theglobeandmail.com,2
Joseito Garwill,jgarwill5n@zimbio.com,1
Christopher Setford,csetford5o@guardian.co.uk,1
Sissy Speke,sspeke5p@twitter.com,1
Alfy Viccary,aviccary5q@adobe.com,1
Florie Van Cassel,fvan5r@newyorker.com,2
Shirley Zapata,szapata5s@pagesperso-orange.fr,1
Heda Krabbe,hkrabbe5t@home.pl,1
Tawnya Yendall,tyendall5u@rambler.ru,2
Del Peace,dpeace5v@icio.us,1
Nickey Ronald,nronald5w@so-net.ne.jp,2
Lay O'Mara,lomara5x@reuters.com,1
Dirk Oxenbury,doxenbury5y@mtv.com,2
Tandy Austin,taustin5z@topsy.com,1
Benni Dalloway,bdalloway60@mlb.com,1
Veriee Mattioni,vmattioni61@plala.or.jp,1
Lelia Byard,lbyard62@dell.com,2
Keelby Francom,kfrancom63@qq.com,1
Sandi Instrell,sinstrell64@irs.gov,2
Cherye Ambrogioni,cambrogioni65@joomla.org,2
Kenon Kennedy,kkennedy66@skyrock.com,1
Timothea Marchetti,tmarchetti67@taobao.com,1
Ree Juggings,rjuggings68@yahoo.co.jp,1
Noam Fronczak,nfronczak69@sitemeter.com,1
Claudina Jayume,cjayume6a@discovery.com,2
Tim Downham,tdownham6b@utexas.edu,1
Ely Patry,epatry6c@comcast.net,1
Edee Bohike,ebohike6d@linkedin.com,1
Anson Matkovic,amatkovic6e@wiley.com,2
Sonnie Boundey,sboundey6f@g.co,1
Derk Ellor,dellor6g@si.edu,1
Katherina Dunphy,kdunphy6h@hexun.com,1
Cordie Sheppey,csheppey6i@sphinn.com,2
Meris Arlet,marlet6j@state.gov,2
Kania Lescop,klescop6k@seattletimes.com,2
Katleen Sambrok,ksambrok6l@amazon.com,2
Jeremiah Braidon,jbraidon6m@miibeian.gov.cn,1
Edik Naish,enaish6n@sourceforge.net,1
Rebbecca Klement,rklement6o@opera.com,1
Roxanne McGreary,rmcgreary6p@deviantart.com,1
Star Ginsie,sginsie6q@auda.org.au,2
Alisha Woolley,awoolley6r@virginia.edu,2
Lonee Berkery,lberkery6s@google.com.hk,1
Dacie Garnett,dgarnett6t@cmu.edu,2
Morlee Maslin,mmaslin6u@squidoo.com,1
Sammy Sentance,ssentance6v@domainmarket.com,2
Ruddy Rochelle,rrochelle6w@prweb.com,2
Neile Zima,nzima6x@dion.ne.jp,1
Antone Clitheroe,aclitheroe6y@go.com,1
Elmore Mainds,emainds6z@cbslocal.com,1
Rosabel Tremeer,rtremeer70@com.com,1
Gloria Spadeck,gspadeck71@macromedia.com,1
Agnese Carek,acarek72@hatena.ne.jp,2
Cornie Bentham,cbentham73@opensource.org,2
Andros Whelband,awhelband74@merriam-webster.com,2
Zelda Slatcher,zslatcher75@si.edu,2
Barth Scurrell,bscurrell76@mysql.com,1
Ronny Pearce,rpearce77@weibo.com,2
Madonna Blunsum,mblunsum78@google.ca,2
Henryetta Habbijam,hhabbijam79@sakura.ne.jp,2
Constancia Mehew,cmehew7a@mac.com,1
Brannon Purchon,bpurchon7b@clickbank.net,2
Hakeem Peschmann,hpeschmann7c@g.co,1
Kerri Reichartz,kreichartz7d@blinklist.com,1
Tremain Corbould,tcorbould7e@reverbnation.com,2
Trenton Bernolet,tbernolet7f@issuu.com,2
Astrid Alleyne,aalleyne7g@go.com,2
Gill Burgyn,gburgyn7h@eventbrite.com,2
Nicolea Wyleman,nwyleman7i@ow.ly,1
Shea Amberger,samberger7j@instagram.com,1
Marieann Cowndley,mcowndley7k@techcrunch.com,1
Jania Bonhomme,jbonhomme7l@goodreads.com,1
Mirabel Niave,mniave7m@craigslist.org,1
Corbet Ballsdon,cballsdon7n@skype.com,1
Georgetta Donaher,gdonaher7o@nsw.gov.au,1
Jarret Treske,jtreske7p@wp.com,1
Asher Bewlie,abewlie7q@addthis.com,2
Giorgi Mattek,gmattek7r@yelp.com,2
Michaela Struthers,mstruthers7s@unicef.org,1
Lidia Kropp,lkropp7t@google.com.br,2
Chicky Meale,cmeale7u@cam.ac.uk,1
Ertha Gerty,egerty7v@npr.org,1
Dorrie Skechley,dskechley7w@tmall.com,2
Daisey Nurny,dnurny7x@cnn.com,2
Jess Dunster,jdunster7y@ucsd.edu,2
Ike Oakley,ioakley7z@mayoclinic.com,1
Shermy Giorgietto,sgiorgietto80@apache.org,2
Artemis Nielson,anielson81@posterous.com,1
Halsey Vint,hvint82@mac.com,1
Mar Sloan,msloan83@creativecommons.org,1
Travers Barnett,tbarnett84@reference.com,1
Zelig Amery,zamery85@china.com.cn,2
Chrotoem Agerskow,cagerskow86@dmoz.org,2
Madelena Lundbech,mlundbech87@java.com,1
Brandon Rickersy,brickersy88@pen.io,1
Virgina Phin,vphin89@theatlantic.com,1
Sib Breukelman,sbreukelman8a@blogtalkradio.com,2
Falkner Krol,fkrol8b@kickstarter.com,1
Baxter Abrehart,babrehart8c@tinypic.com,1
Lorri Guerry,lguerry8d@spiegel.de,2
Xaviera Collinge,xcollinge8e@loc.gov,1
Findlay Storer,fstorer8f@woothemes.com,2
Hildagard Seden,hseden8g@epa.gov,2
Timmy Clemenzo,tclemenzo8h@guardian.co.uk,2
Marinna Blackborn,mblackborn8i@tmall.com,2
Whitney Ubsdale,wubsdale8j@unicef.org,1
Spenser Baudassi,sbaudassi8k@toplist.cz,1
Latia Botten,lbotten8l@blogtalkradio.com,2
Shaina Jardein,sjardein8m@vistaprint.com,1
Mab Rizzardini,mrizzardini8n@who.int,1
Jayne Rigmond,jrigmond8o@netscape.com,2
Horatio Brinkley,hbrinkley8p@icio.us,2
Heida Eilhersen,heilhersen8q@privacy.gov.au,2
Maryl Batchelar,mbatchelar8r@shop-pro.jp,1
Mireille Addinall,maddinall8s@skyrock.com,2
Yorgos Santer,ysanter8t@google.es,2
Creight Tolley,ctolley8u@wordpress.org,1
Bernie Heaney`,bheaney8v@soup.io,1
Babara Oxer,boxer8w@theguardian.com,2
Jean Krzyzaniak,jkrzyzaniak8x@china.com.cn,1
Goraud Querrard,gquerrard8y@blogspot.com,2
Blair Greenman,bgreenman8z@naver.com,1
Garrik MacCague,gmaccague90@xing.com,1
Archer Slatter,aslatter91@gnu.org,2
Hugues Beringer,hberinger92@163.com,2
Iolanthe Lesper,ilesper93@amazon.de,2
Farand Cridland,fcridland94@phpbb.com,2
Dion Le Hucquet,dle95@posterous.com,1
Gisele Zammitt,gzammitt96@example.com,2
York Flinders,yflinders97@berkeley.edu,1
Emmalee Mainds,emainds98@wikia.com,2
Lionel Fairbard,lfairbard99@youtube.com,1
Sheilakathryn Woodburn,swoodburn9a@archive.org,1
Brendis Ruddy,bruddy9b@adobe.com,2
Orbadiah Rauprich,orauprich9c@paginegialle.it,1
Hilton Woodwin,hwoodwin9d@kickstarter.com,2
Antons Berzons,aberzons9e@google.com,2
Justine Ballingal,jballingal9f@usda.gov,1
Jennie Renish,jrenish9g@weebly.com,2
Idalina Baumann,ibaumann9h@slate.com,1
Marji Ehlerding,mehlerding9i@unesco.org,1
Beverlee Stanbro,bstanbro9j@irs.gov,1
Nicholle Goodenough,ngoodenough9k@cloudflare.com,1
Lucine Killeen,lkilleen9l@edublogs.org,2
Witty Kondratowicz,wkondratowicz9m@apache.org,2
Oralee Spadotto,ospadotto9n@techcrunch.com,1
Sunny Derrington,sderrington9o@kickstarter.com,2
Mischa Tedorenko,mtedorenko9p@hexun.com,1
Jedediah Zuker,jzuker9q@baidu.com,2
Lorne Senior,lsenior9r@chron.com,2
Alex Guerro,aguerro9s@google.com.hk,1
Katrina Oram,koram9t@google.it,1
Conny Camili,ccamili9u@cmu.edu,2
Tansy Lathbury,tlathbury9v@npr.org,2
Merle Morrant,mmorrant9w@fotki.com,1
Aurelea Garwill,agarwill9x@nifty.com,2
Marissa McEvon,mmcevon9y@artisteer.com,2
Dalila Mapowder,dmapowder9z@paginegialle.it,1
Arnie Milthorpe,amilthorpea0@storify.com,2
Upton Duly,udulya1@list-manage.com,1
Amii Aseef,aaseefa2@bloglovin.com,2
Cleavland Posnett,cposnetta3@tinypic.com,1
Corenda Unworth,cunwortha4@patch.com,2
Frants Beams,fbeamsa5@state.tx.us,2
Katharyn Wallett,kwalletta6@ftc.gov,2
Cristiano Stallybrass,cstallybrassa7@sciencedaily.com,2
Lanna Mannix,lmannixa8@joomla.org,1
Yevette Mouland,ymoulanda9@ted.com,2
Laetitia McCoughan,lmccoughanaa@epa.gov,2
Marion MacAskill,mmacaskillab@arstechnica.com,2
Elliot Risso,erissoac@pen.io,2
Rooney Heinritz,rheinritzad@cyberchimps.com,1
Arni Guilloton,aguillotonae@npr.org,1
Mirna Fraulo,mfrauloaf@kickstarter.com,2
Shannah Hamsson,shamssonag@aboutads.info,1
Eustacia Glauber,eglauberah@nba.com,1
Aylmar Blinco,ablincoai@ocn.ne.jp,2
Dmitri Iskov,diskovaj@wix.com,1
Donny Moat,dmoatak@pcworld.com,2
Lester Cassey,lcasseyal@yellowbook.com,2
Barbette Boyce,bboyceam@geocities.jp,1
Izabel Ivanuschka,iivanuschkaan@oracle.com,2
Solly Jubert,sjubertao@bloomberg.com,1
Nickolai Dunsford,ndunsfordap@zimbio.com,1
Britt Summerton,bsummertonaq@salon.com,1
Pippa Doll,pdollar@cargocollective.com,1
Julio Plaxton,jplaxtonas@opera.com,2
Hasheem Moxsom,hmoxsomat@ezinearticles.com,2
Tracy Everleigh,teverleighau@tmall.com,1
Christal Bernardet,cbernardetav@uol.com.br,1
Gilli Henricsson,ghenricssonaw@goodreads.com,1
Trudie Badland,tbadlandax@thetimes.co.uk,1
Jereme Scanlan,jscanlanay@shareasale.com,1
Engelbert Firk,efirkaz@cnbc.com,2
Zola Busst,zbusstb0@sohu.com,1
Roby O'Sherin,rosherinb1@com.com,1
Dominique Toland,dtolandb2@blogspot.com,1
Zondra Killerby,zkillerbyb3@discuz.net,2
Ferdy Donke,fdonkeb4@nba.com,2
Miguel Southorn,msouthornb5@pbs.org,2
Shawnee Feldhuhn,sfeldhuhnb6@bing.com,1
Mel Davidai,mdavidaib7@ibm.com,1
Teodoor Birdseye,tbirdseyeb8@51.la,1
Cad Cochet,ccochetb9@dmoz.org,1
Marley Balogun,mbalogunba@blog.com,2
Joella Pamphilon,jpamphilonbb@japanpost.jp,2
Giraud Simison,gsimisonbc@t-online.de,2
Ephrayim Di Francesco,edibd@gmpg.org,2
Hartwell Pettingill,hpettingillbe@123-reg.co.uk,1
Kenn Cluett,kcluettbf@slate.com,2
Annabella Foskew,afoskewbg@va.gov,1
Benedetta Saggers,bsaggersbh@cdbaby.com,2
Rosina Asple,rasplebi@house.gov,1
Marius Connors,mconnorsbj@yandex.ru,2
Karalee Probetts,kprobettsbk@japanpost.jp,2
Damita Strike,dstrikebl@bigcartel.com,1
Doralynne Penticost,dpenticostbm@hp.com,1
Grantham Sumshon,gsumshonbn@alibaba.com,2
Harriott Crilly,hcrillybo@loc.gov,2
Cristie Lesslie,clessliebp@wsj.com,2
Amandie Nazer,anazerbq@accuweather.com,2
Marchall Schimaschke,mschimaschkebr@dagondesign.com,2
Worthington Melbury,wmelburybs@blog.com,1
Yorgos Freak,yfreakbt@scientificamerican.com,1
Claus Steed,csteedbu@springer.com,1
Bonnibelle Walas,bwalasbv@ed.gov,1
Pepito Varsey,pvarseybw@gmpg.org,1
Manolo Davitti,mdavittibx@mtv.com,1
Elvera Lawdham,elawdhamby@bbc.co.uk,2
Fleur Balsillie,fbalsilliebz@odnoklassniki.ru,2
Roseanna Mongeot,rmongeotc0@hhs.gov,2
Juline Cowwell,jcowwellc1@unesco.org,1
Carolina Fickling,cficklingc2@webeden.co.uk,1
Lorelei Durrell,ldurrellc3@netscape.com,2
Elmira Harler,eharlerc4@biblegateway.com,2
Viva Mauvin,vmauvinc5@linkedin.com,1
Janna MacKimm,jmackimmc6@livejournal.com,2
Horton Spyby,hspybyc7@topsy.com,2
Estele Schoales,eschoalesc8@edublogs.org,2
Lonnie Staynes,lstaynesc9@forbes.com,2
Ricca Prantl,rprantlca@cyberchimps.com,1
Ilysa Rosenkrantz,irosenkrantzcb@baidu.com,2
Kaitlin Chartman,kchartmancc@live.com,2
Marilyn Forrestall,mforrestallcd@yahoo.co.jp,2
Sallie Earry,searryce@imdb.com,2
Lacie Fawke,lfawkecf@patch.com,1
Maryl Valentinetti,mvalentinetticg@stanford.edu,1
Cointon Lenz,clenzch@netvibes.com,2
Stanislaw Woolaston,swoolastonci@etsy.com,2
Regina Beckinsale,rbeckinsalecj@netlog.com,1
Quinlan Giff,qgiffck@posterous.com,2
Leese Maggiore,lmaggiorecl@webs.com,2
Kailey Wrassell,kwrassellcm@salon.com,1
Nealon Masselin,nmasselincn@slate.com,2
Deva Polamontayne,dpolamontayneco@dagondesign.com,2
Major Streeten,mstreetencp@phpbb.com,1
Hewet Kittless,hkittlesscq@utexas.edu,1
Gregory Causbey,gcausbeycr@cdbaby.com,2
Magdalena Abba,mabbacs@fema.gov,1
Carroll Winscom,cwinscomct@nyu.edu,2
Andria Apple,aapplecu@last.fm,1
Ileana Vargas,ivargascv@google.co.uk,1
Bevan Cohan,bcohancw@github.io,1
Ritchie Siddell,rsiddellcx@archive.org,2
Celestyn Santoro,csantorocy@addtoany.com,1
Jannel Hrynczyk,jhrynczykcz@cafepress.com,2
Alphonso Swatridge,aswatridged0@loc.gov,1
Shurwood Mirfield,smirfieldd1@blog.com,2
Donny Finlry,dfinlryd2@icio.us,2
Mechelle Tonbridge,mtonbridged3@mediafire.com,2
Nedi Kynett,nkynettd4@creativecommons.org,1
Christine Nisco,cniscod5@theatlantic.com,1
Thane Pemble,tpembled6@hhs.gov,1
Catarina Detoile,cdetoiled7@qq.com,1
Katie Sheaf,ksheafd8@apple.com,1
Osmond Zeplin,ozeplind9@homestead.com,1
Ania Hansel,ahanselda@tumblr.com,1
Bealle Galvin,bgalvindb@youku.com,2
Cathi Quartley,cquartleydc@cpanel.net,2
Sydel Dybell,sdybelldd@nba.com,2
Averell Ameer-Beg,aameerbegde@goo.gl,1
Burl Ambrogini,bambroginidf@army.mil,1
Klemens MacSharry,kmacsharrydg@microsoft.com,2
Leonid Froment,lfromentdh@opensource.org,2
Kirstyn Hewkin,khewkindi@xing.com,2
Ferne Iffland,fifflanddj@joomla.org,1
Dannel Lavallie,dlavalliedk@europa.eu,2
Vale Belbin,vbelbindl@npr.org,1
Dani Camillo,dcamillodm@wikispaces.com,2
Valerie Sarre,vsarredn@simplemachines.org,1
Stan Rosenbusch,srosenbuschdo@phpbb.com,1
Harry Starkey,hstarkeydp@dropbox.com,2
Kingsley felip,kfelipdq@geocities.com,2
Lulita Petrolli,lpetrollidr@jiathis.com,1
Margery Gourley,mgourleyds@census.gov,2
Livvy McLorinan,lmclorinandt@craigslist.org,1
Abran Mouncher,amouncherdu@freewebs.com,1
Kat Padden,kpaddendv@dagondesign.com,2
Katharina Lankford,klankforddw@t.co,2
Lorraine Wanjek,lwanjekdx@google.com.br,2
Brit Le Merchant,bledy@elpais.com,2
Konstance Vile,kviledz@blogs.com,2
Marchelle Lascell,mlascelle0@telegraph.co.uk,1
Frances Prettyman,fprettymane1@constantcontact.com,2
Didi Eminson,deminsone2@themeforest.net,1
Marcellus Raymen,mraymene3@java.com,2
Daniele Tallquist,dtallquiste4@netvibes.com,1
Lilia Sennett,lsennette5@umich.edu,1
Christoph Balloch,cballoche6@t-online.de,2
Babb Tousey,btouseye7@ebay.co.uk,1
Amandy Aseef,aaseefe8@liveinternet.ru,1
Lyndel Barkley,lbarkleye9@yelp.com,1
Clovis Bisacre,cbisacreea@mysql.com,2
Odele McKinn,omckinneb@reverbnation.com,1
Ginny Gregersen,ggregersenec@yolasite.com,1
Mada Raikes,mraikesed@rakuten.co.jp,2
Lucias Wesgate,lwesgateee@cornell.edu,2
Cobbie Bonanno,cbonannoef@ucoz.com,1
Kennie Ogers,kogerseg@cbc.ca,2
Margalit Sparkwell,msparkwelleh@tinypic.com,2
Sully Winward,swinwardei@vimeo.com,1
Albrecht Gullifant,agullifantej@walmart.com,1
Papagena William,pwilliamek@omniture.com,2
Finlay Syalvester,fsyalvesterel@wikispaces.com,1
Opalina Jovovic,ojovovicem@amazon.com,1
Mora Peche,mpecheen@feedburner.com,2
Maure Moylane,mmoylaneeo@theatlantic.com,1
Ame Gillibrand,agillibrandep@yale.edu,1
Kristine Mordy,kmordyeq@chronoengine.com,1
Cassius Redit,crediter@redcross.org,1
Kaiser Bawle,kbawlees@jimdo.com,1
Bryanty Muckersie,bmuckersieet@diigo.com,1
Roz Minger,rmingereu@cbslocal.com,2
Lorenza Sammes,lsammesev@weebly.com,2
Kippar Ceeley,kceeleyew@oracle.com,2
Aldwin Tyrrell,atyrrellex@prlog.org,1
Sara-ann Selwyne,sselwyneey@sakura.ne.jp,1
Charmane Canner,ccannerez@gravatar.com,1
Gav Schimank,gschimankf0@last.fm,1
Shanan Vereker,sverekerf1@xinhuanet.com,1
Marlow Todarello,mtodarellof2@acquirethisname.com,1
Almira Le Clercq,alef3@google.de,2
Filbert Docharty,fdochartyf4@cnbc.com,2
Roscoe Nuzzetti,rnuzzettif5@i2i.jp,2
Rachelle Clawsley,rclawsleyf6@opera.com,2
Englebert Spinney,espinneyf7@hibu.com,2
Anita Daffey,adaffeyf8@omniture.com,1
Modestia Cuncarr,mcuncarrf9@ucla.edu,1
Liesa Napier,lnapierfa@dailymail.co.uk,2
Gayel Magne,gmagnefb@utexas.edu,1
Alysia Lempertz,alempertzfc@1688.com,1
Osborne Glass,oglassfd@w3.org,2
Dionne Badgers,dbadgersfe@earthlink.net,2
Dorey Erie,derieff@infoseek.co.jp,2
Adrian Founds,afoundsfg@nsw.gov.au,2
Josephine Marquis,jmarquisfh@miitbeian.gov.cn,1
Gregory Atto,gattofi@e-recht24.de,1
Charlean Tuckey,ctuckeyfj@umn.edu,2
Cristy Romeril,cromerilfk@umich.edu,2
Nance Nerger,nnergerfl@wufoo.com,1
Tobie Rzehor,trzehorfm@nih.gov,1
Ban Penwarden,bpenwardenfn@dot.gov,2
Grier Stempe,gstempefo@parallels.com,1
Wheeler Escoffier,wescoffierfp@themeforest.net,2
Si Rasor,srasorfq@t.co,2
Falkner Splaven,fsplavenfr@amazon.co.jp,1
Evvie Steptoe,esteptoefs@google.com.br,2
Renata Brewse,rbrewseft@constantcontact.com,1
Brig Flooks,bflooksfu@ask.com,2
Wendie Jills,wjillsfv@reddit.com,2
Emera De Mitri,edefw@1und1.de,2
Hilde Alexander,halexanderfx@wikimedia.org,2
Baron Tante,btantefy@de.vu,1
Trina Archanbault,tarchanbaultfz@163.com,2
Alyosha Casperri,acasperrig0@craigslist.org,2
Dulcie de Grey,ddeg1@ucoz.ru,1
Tabitha Breagan,tbreagang2@moonfruit.com,1
Maximo Ybarra,mybarrag3@newyorker.com,2
Jackie Sutterfield,jsutterfieldg4@histats.com,2
Art Kender,akenderg5@storify.com,2
Clair Coupar,ccouparg6@fotki.com,2
Teddy Kolakovic,tkolakovicg7@blogtalkradio.com,1
Jeremie Coppock.,jcoppockg8@cpanel.net,1
Gray Driutti,gdriuttig9@chicagotribune.com,1
Jess Brewett,jbrewettga@earthlink.net,2
Gail Clendennen,gclendennengb@jugem.jp,2
Blithe Snodden,bsnoddengc@delicious.com,2
Karoly Dawtrey,kdawtreygd@de.vu,1
Carline Earpe,cearpege@histats.com,2
Colas Frondt,cfrondtgf@globo.com,1
Oswell Sokill,osokillgg@sakura.ne.jp,1
Carrol Murrock,cmurrockgh@artisteer.com,1
Tasia Loins,tloinsgi@gmpg.org,2
Sutton Keningley,skeningleygj@webmd.com,1
Michaeline Loughlin,mloughlingk@mozilla.com,2
Fredrick Doohan,fdoohangl@jimdo.com,2
Veronique Gellan,vgellangm@flavors.me,2
Cris Arnowicz,carnowiczgn@ameblo.jp,2
Marylynne Lyffe,mlyffego@live.com,2
Robbyn Tezure,rtezuregp@oracle.com,2
Alistair Locksley,alocksleygq@rediff.com,1
Catrina Pateman,cpatemangr@twitter.com,2
Marti Costi,mcostigs@unicef.org,1
Tobey Ossipenko,tossipenkogt@123-reg.co.uk,2
Cleveland Strettell,cstrettellgu@ovh.net,2
Dave Flamank,dflamankgv@mediafire.com,1
Perry Nowlan,pnowlangw@opensource.org,1
Rodrick Eskrigge,reskriggegx@zdnet.com,1
Wally Gration,wgrationgy@dropbox.com,2
Simonette Carcass,scarcassgz@dmoz.org,2
Danny Velti,dveltih0@huffingtonpost.com,1
Webster Eggle,weggleh1@japanpost.jp,1
Tyrus Alessandrelli,talessandrellih2@unesco.org,1
Guss Adanez,gadanezh3@studiopress.com,2
Yule Truter,ytruterh4@dyndns.org,1
Aurthur Simmons,asimmonsh5@state.gov,1
Isidore Bills,ibillsh6@pbs.org,2
Susy Munks,smunksh7@huffingtonpost.com,1
Eimile Stinson,estinsonh8@cnn.com,1
Chrysa Menlow,cmenlowh9@comsenz.com,2
Lian Savine,lsavineha@eepurl.com,2
Geneva Bartosek,gbartosekhb@slate.com,2
Gipsy Daffern,gdaffernhc@meetup.com,1
Hew Peckett,hpecketthd@godaddy.com,1
Merry Selley,mselleyhe@4shared.com,1
Wash Pepye,wpepyehf@cbsnews.com,2
Grantley Vaughan,gvaughanhg@360.cn,1
Ebony Wackley,ewackleyhh@cnbc.com,2
Harlen Benoi,hbenoihi@cmu.edu,1
Paddy Quinnell,pquinnellhj@aboutads.info,2
Fionna Kynder,fkynderhk@wiley.com,1
Wheeler Trethowan,wtrethowanhl@taobao.com,1
Vance Skayman,vskaymanhm@mtv.com,1
Jeannette Meaders,jmeadershn@apache.org,2
Jacenta Strettell,jstrettellho@chicagotribune.com,1
Ezechiel Gentil,egentilhp@ask.com,1
Rory Jirik,rjirikhq@vimeo.com,1
Robbert Dell 'Orto,rdellhr@usda.gov,1
Mommy Hayhurst,mhayhursths@slashdot.org,2
Tasia Bernet,tbernetht@si.edu,1
Yale Mineghelli,ymineghellihu@nymag.com,2
Rosemary Glanvill,rglanvillhv@jalbum.net,2
Haven McChruiter,hmcchruiterhw@topsy.com,2
Kristan Sanja,ksanjahx@google.de,1
Waite McDonagh,wmcdonaghhy@unc.edu,2
Essa Ghest,eghesthz@php.net,2
Savina Roux,srouxi0@businessweek.com,2
Myca Drew-Clifton,mdrewcliftoni1@rambler.ru,2
Clarence Saurin,csaurini2@youtu.be,2
Bee Ryce,brycei3@stanford.edu,1
Meg Markussen,mmarkusseni4@creativecommons.org,1
Burg Illsley,billsleyi5@jimdo.com,1
Mufi Gianettini,mgianettinii6@home.pl,1
Salomi Croll,scrolli7@etsy.com,1
Jozef Blenkinsop,jblenkinsopi8@ebay.com,2
Olva Hatt,ohatti9@google.com.hk,1
Alexander Pyott,apyottia@china.com.cn,1
Christye Murdoch,cmurdochib@wikia.com,2
Gottfried Filmer,gfilmeric@dyndns.org,2
Arabele Gourdon,agourdonid@mlb.com,2
Meredith des Remedios,mdesie@youku.com,2
Leshia Bront,lbrontif@deliciousdays.com,2
Jenni Jankovic,jjankovicig@ustream.tv,1
Berton McGarahan,bmcgarahanih@jugem.jp,1
Robb Bloxholm,rbloxholmii@google.ca,1
Patsy Timmis,ptimmisij@chronoengine.com,2
Caressa Atcheson,catchesonik@census.gov,2
Caryl Aldrick,caldrickil@un.org,1
Carlen Joly,cjolyim@ehow.com,2
Ugo Karpman,ukarpmanin@ovh.net,1
Thayne Heiden,theidenio@psu.edu,1
Nike Mowsdale,nmowsdaleip@naver.com,2
Marlene Snodin,msnodiniq@mashable.com,1
Grenville Duffitt,gduffittir@devhub.com,2
Allan Greet,agreetis@boston.com,1
Ronnica Haddleston,rhaddlestonit@reference.com,2
Auberon Keighly,akeighlyiu@zdnet.com,1
Garik Roslen,grosleniv@vkontakte.ru,2
Winne Bage,wbageiw@spiegel.de,1
Abraham Beedell,abeedellix@lycos.com,2
Chicky Krysiak,ckrysiakiy@craigslist.org,2
Valene Earle,vearleiz@livejournal.com,2
Marieann Sollas,msollasj0@bing.com,1
Neysa Breckon,nbreckonj1@xing.com,2
Luce Simeon,lsimeonj2@geocities.jp,1
Reggis Denizet,rdenizetj3@eventbrite.com,2
Lilas Burnsell,lburnsellj4@imdb.com,1
Max Tout,mtoutj5@imgur.com,1
Francesca Como,fcomoj6@tiny.cc,1
Ellynn Gretham,egrethamj7@elpais.com,2
Leora Gurnett,lgurnettj8@blogs.com,1
Raquela Coote,rcootej9@typepad.com,2
Andonis Shildrick,ashildrickja@globo.com,2
Zebulon Andreacci,zandreaccijb@chronoengine.com,1
Paulita Dunsford,pdunsfordjc@cdc.gov,1
Raymond Clowney,rclowneyjd@ycombinator.com,1
Alix Bickersteth,abickerstethje@abc.net.au,1
Eulalie Goldberg,egoldbergjf@scientificamerican.com,1
Ogdon Huffey,ohuffeyjg@symantec.com,2
Marcie Jorden,mjordenjh@123-reg.co.uk,1
Phylis Dettmar,pdettmarji@usda.gov,2
Town Tribble,ttribblejj@ucla.edu,2
Broddy Karpol,bkarpoljk@goodreads.com,1
Rip Schnieder,rschniederjl@dion.ne.jp,2
Dena Dominichetti,ddominichettijm@hugedomains.com,1
Maggie Carlile,mcarlilejn@nps.gov,2
Antonietta Cobbin,acobbinjo@timesonline.co.uk,2
Red O'Loughane,roloughanejp@photobucket.com,2
Tiffi Lancley,tlancleyjq@unicef.org,2
Lizzie Cudmore,lcudmorejr@scientificamerican.com,2
Edik Brotheridge,ebrotheridgejs@ovh.net,2
Korrie Drinkel,kdrinkeljt@goodreads.com,2
Corrinne Glasman,cglasmanju@ustream.tv,1
Panchito Keedy,pkeedyjv@census.gov,2
Rita Trundler,rtrundlerjw@privacy.gov.au,2
Gavrielle Canham,gcanhamjx@gravatar.com,1
Barty Swains,bswainsjy@google.com.br,1
Dorris Saterthwait,dsaterthwaitjz@xing.com,2
Nadia Bodimeade,nbodimeadek0@jigsy.com,1
Sean Teale,stealek1@fastcompany.com,1
Brent Domonkos,bdomonkosk2@people.com.cn,2
Latrena Banfield,lbanfieldk3@guardian.co.uk,2
Erl Bradneck,ebradneckk4@wordpress.org,1
Kelila Greatham,kgreathamk5@unesco.org,2
Lonna Redgate,lredgatek6@paginegialle.it,2
Dolorita Perfitt,dperfittk7@topsy.com,2
Cayla Iddon,ciddonk8@smugmug.com,2
Bendite Poolman,bpoolmank9@example.com,2
Brewer Fodden,bfoddenka@webeden.co.uk,1
Case Gian,cgiankb@dailymotion.com,1
Clemence Kirsopp,ckirsoppkc@ucsd.edu,1
Kelwin Espy,kespykd@cafepress.com,1
Tucky Brader,tbraderke@nsw.gov.au,1
Lincoln Dobbs,ldobbskf@unc.edu,1
Miner Tapper,mtapperkg@deliciousdays.com,1
Elonore Ballay,eballaykh@prnewswire.com,1
Reinold Gatty,rgattyki@wikispaces.com,2
Bennie Hodjetts,bhodjettskj@webs.com,1
Lilias Trattles,ltrattleskk@surveymonkey.com,2
Tricia Kabsch,tkabschkl@ebay.co.uk,1
Angeli Muttitt,amuttittkm@blogtalkradio.com,1
Billye Bluck,bbluckkn@ehow.com,2
Bradford Yaknov,byaknovko@goo.gl,2
Charmine Seeley,cseeleykp@godaddy.com,2
Alameda Jordan,ajordankq@liveinternet.ru,2
Lev Bambridge,lbambridgekr@amazon.com,1
Arlette Laybourn,alaybournks@wired.com,1
Heddie Andree,handreekt@census.gov,1
Margot Cotmore,mcotmoreku@cam.ac.uk,2
Revkah Tween,rtweenkv@t-online.de,2
Fidelio Margaret,fmargaretkw@blog.com,2
Gerrilee Sayre,gsayrekx@google.co.uk,2
Kippar Damerell,kdamerellky@businesswire.com,2
Nappy Brayn,nbraynkz@amazon.co.uk,1
Nerita Benbrick,nbenbrickl0@canalblog.com,2
Miles Ferronier,mferronierl1@simplemachines.org,1
Sisely Cornhill,scornhilll2@chronoengine.com,1
Kenn De Cristofalo,kdel3@paypal.com,1
Clarence Lampe,clampel4@theguardian.com,1
Ilise Godbald,igodbaldl5@webs.com,1
Katya Flewan,kflewanl6@yellowpages.com,2
Emmye Brise,ebrisel7@woothemes.com,1
Lurlene Wabersinke,lwabersinkel8@hhs.gov,1
Archaimbaud Griffey,agriffeyl9@uiuc.edu,1
Myrtice Newis,mnewisla@umn.edu,1
Fianna Treske,ftreskelb@discovery.com,1
Tilly Baudasso,tbaudassolc@theguardian.com,2
Larry Cabedo,lcabedold@example.com,1
Morganne Witten,mwittenle@dropbox.com,1
Jeana Schriren,jschrirenlf@bandcamp.com,2
Elyse Ruffey,eruffeylg@google.com,1
Arlyn Barrell,abarrelllh@photobucket.com,2
Ricca Camies,rcamiesli@tinypic.com,1
Uriah Phizakarley,uphizakarleylj@vk.com,1
Nicholas O'Daly,nodalylk@artisteer.com,2
Taddeusz Hooban,thoobanll@youtube.com,1
Sloane Peppard,speppardlm@newyorker.com,2
Elisabetta Armiger,earmigerln@fema.gov,1
Corine Hedden,cheddenlo@webmd.com,2
Irita Pedrocchi,ipedrocchilp@altervista.org,1
Emalia Doley,edoleylq@cam.ac.uk,2
Jaimie Aronov,jaronovlr@deviantart.com,1
Adora Shadbolt,ashadboltls@drupal.org,2
Misti Drage,mdragelt@de.vu,1
Yolande Donat,ydonatlu@bizjournals.com,2
Briggs Mixter,bmixterlv@bloglines.com,1
John Giamo,jgiamolw@wikispaces.com,2
Corney Lineen,clineenlx@phpbb.com,1
Roman Hasard,rhasardly@slate.com,2
Adey Roostan,aroostanlz@imageshack.us,2
Danny Wellsman,dwellsmanm0@auda.org.au,2
Elwira Richarson,ericharsonm1@examiner.com,2
Samson Duer,sduerm2@elpais.com,2
Pen Feldfisher,pfeldfisherm3@cargocollective.com,2
Becka Fairlamb,bfairlambm4@mozilla.com,1
Matthaeus LeEstut,mleestutm5@parallels.com,2
Grayce Jagger,gjaggerm6@globo.com,2
Genevra Wardingley,gwardingleym7@icq.com,2
Delmer Botler,dbotlerm8@gov.uk,1
Margot Rowly,mrowlym9@archive.org,1
Annabelle Voce,avocema@geocities.jp,2
Granny Rosenwald,grosenwaldmb@vistaprint.com,1
Ira Redfearn,iredfearnmc@sciencedirect.com,2
Arney Duferie,aduferiemd@google.com,1
Nichol Cornock,ncornockme@liveinternet.ru,2
Gennie Comiskey,gcomiskeymf@over-blog.com,2
Paten Van Driel,pvanmg@4shared.com,2
Milicent Ouldcott,mouldcottmh@g.co,1
Aimee Ikins,aikinsmi@loc.gov,2
Aggy Palomba,apalombamj@admin.ch,1
John Lewer,jlewermk@topsy.com,1
L;urette Obray,lobrayml@edublogs.org,2
Ulises Baldacchino,ubaldacchinomm@arizona.edu,2
Dietrich Meneur,dmeneurmn@over-blog.com,2
Celestyn Hartlebury,chartleburymo@va.gov,2
Dorelia Morratt,dmorrattmp@statcounter.com,1
Karyl Simonel,ksimonelmq@google.ru,1
Sinclare Wedlake,swedlakemr@trellian.com,1
Lorri Ivkovic,livkovicms@meetup.com,1
Price Weerdenburg,pweerdenburgmt@eepurl.com,1
Brigitta Quartly,bquartlymu@mayoclinic.com,2
Dalila Whiteway,dwhitewaymv@house.gov,2
Lianna Humbles,lhumblesmw@oaic.gov.au,1
Phillida Ivanyukov,pivanyukovmx@netscape.com,2
Julianna Humm,jhummmy@boston.com,1
Gary Pieterick,gpieterickmz@macromedia.com,2
Wolfy Claiden,wclaidenn0@prlog.org,2
Deane Riolfo,driolfon1@netvibes.com,2
Belicia Hiscoe,bhiscoen2@cafepress.com,2
Andrew Meadows,ameadowsn3@altervista.org,1
Vivie Hunting,vhuntingn4@arizona.edu,1
Felicia Lancley,flancleyn5@state.gov,2
Erena Muir,emuirn6@chronoengine.com,1
Shellie Reyner,sreynern7@tumblr.com,1
Oberon Staden,ostadenn8@foxnews.com,1
Thomasine Hazeldene,thazeldenen9@slashdot.org,2
Dulci Swann,dswannna@deviantart.com,2
Mandi Edginton,medgintonnb@woothemes.com,2
Arturo Camber,acambernc@sogou.com,2
Lolly Matchitt,lmatchittnd@intel.com,1
Langston Ilchuk,lilchukne@wiley.com,2
Charil Janko,cjankonf@liveinternet.ru,1
Dela Panyer,dpanyerng@goodreads.com,2
Elnora Rickardes,erickardesnh@webs.com,1
Elbert Partkya,epartkyani@sfgate.com,1
Charleen Winchcomb,cwinchcombnj@squarespace.com,1
Marcello Olexa,molexank@dagondesign.com,2
Alain Keningham,akeninghamnl@meetup.com,2
Dell Cressingham,dcressinghamnm@dagondesign.com,2
Petronilla Plom,pplomnn@phoca.cz,1
Cinderella MacPaik,cmacpaikno@blinklist.com,2
Joell Grigaut,jgrigautnp@vistaprint.com,2
Shannah Manton,smantonnq@chicagotribune.com,1
Ezmeralda Barkhouse,ebarkhousenr@google.fr,1
Blithe Shufflebotham,bshufflebothamns@comcast.net,2
Fergus Lorinez,florineznt@cpanel.net,2
Leila Blanshard,lblanshardnu@nba.com,2
Michaella Slatten,mslattennv@webeden.co.uk,1
Maddie Drewery,mdrewerynw@nydailynews.com,2
Susanne Culter,sculternx@eventbrite.com,1
Hannis Challin,hchallinny@miitbeian.gov.cn,2
Melantha Newbatt,mnewbattnz@marriott.com,1
Midge Baglow,mbaglowo0@telegraph.co.uk,2
Constantina Paxforde,cpaxfordeo1@macromedia.com,2
Mia Bransdon,mbransdono2@microsoft.com,2
Tracie Baudou,tbaudouo3@nymag.com,1
Melonie Wilkie,mwilkieo4@edublogs.org,1
Elaina Yesinin,eyesinino5@odnoklassniki.ru,1
Ambros Otridge,aotridgeo6@exblog.jp,2
Gwen Lawerence,glawerenceo7@mozilla.org,1
Shandeigh Quinton,squintono8@wordpress.com,1
Davina Sloegrave,dsloegraveo9@about.me,1
Elvyn Berks,eberksoa@wikispaces.com,1
Penny Blakebrough,pblakebroughob@domainmarket.com,2
Isidore Zelland,izellandoc@skyrock.com,2
Sascha McCarroll,smccarrollod@nyu.edu,2
Marthe Blasoni,mblasonioe@oakley.com,1
Gerik Muston,gmustonof@histats.com,1
Gery Goldes,ggoldesog@wsj.com,2
Berton Gheeraert,bgheeraertoh@nifty.com,2
Rica Valenta,rvalentaoi@engadget.com,2
Gizela Weyland,gweylandoj@seesaa.net,1
Claudius Cheers,ccheersok@google.ru,2
Winfred Matysiak,wmatysiakol@tamu.edu,2
Nannette Zanetto,nzanettoom@google.com.br,1
Dotty Ellsbury,dellsburyon@weather.com,1
Hamnet Di Biagi,hdioo@1688.com,1
Urbanus Greene,ugreeneop@yandex.ru,1
Karena Rooney,krooneyoq@dropbox.com,2
Eba Pauleit,epauleitor@about.com,1
Zola Ugoni,zugonios@hao123.com,2
Margaret Gilfoy,mgilfoyot@scientificamerican.com,1
Jacenta Lefever,jlefeverou@clickbank.net,2
Susannah Kiloh,skilohov@pagesperso-orange.fr,2
Alanson Girsch,agirschow@mysql.com,1
Jacquelin Laite,jlaiteox@github.com,1
Yulma Bickardike,ybickardikeoy@taobao.com,2
Seumas Alldis,salldisoz@sakura.ne.jp,2
Basilio Rodliff,brodliffp0@si.edu,1
Olga Orry,oorryp1@yelp.com,2
Rudie Dakers,rdakersp2@wikimedia.org,2
Gratiana Berney,gberneyp3@businessinsider.com,2
Elizabeth Sevitt,esevittp4@columbia.edu,1
Vanny Pittam,vpittamp5@cyberchimps.com,2
Roseline Leask,rleaskp6@whitehouse.gov,1
Isabelita Plaide,iplaidep7@wired.com,2
Garek Ballston,gballstonp8@com.com,2
Lin Gault,lgaultp9@moonfruit.com,1
Jule Freund,jfreundpa@economist.com,1
Herbie Splevin,hsplevinpb@freewebs.com,1
Towney Stockall,tstockallpc@ocn.ne.jp,2
Cale Egle of Germany,ceglepd@wiley.com,1
Rozele Seiler,rseilerpe@google.com.br,1
Daisie Tamblyn,dtamblynpf@eepurl.com,2
Jemmie Worthing,jworthingpg@geocities.jp,2
Filippo Birkenshaw,fbirkenshawph@phoca.cz,2
Wallis Kenwell,wkenwellpi@google.nl,1
Arley Mailes,amailespj@eventbrite.com,2
Morissa Hartill,mhartillpk@oracle.com,1
Gail Mor,gmorpl@hibu.com,1
Brucie Terney,bterneypm@auda.org.au,1
Delbert Whife,dwhifepn@reference.com,1
Arlyne La Wille,alapo@trellian.com,2
Ozzie Flott,oflottpp@stanford.edu,2
Murial Robberts,mrobbertspq@engadget.com,2
Francklin Rawnsley,frawnsleypr@g.co,1
Tulley Carabine,tcarabineps@indiegogo.com,1
Gabi Darville,gdarvillept@paginegialle.it,2
Jud Render,jrenderpu@narod.ru,2
Sherie Harmant,sharmantpv@who.int,1
Hattie Auchterlony,hauchterlonypw@digg.com,1
Jana Noonan,jnoonanpx@blogs.com,1
Thalia Ballay,tballaypy@census.gov,1
Galen Cypler,gcyplerpz@shareasale.com,1
Cordelie Laister,claisterq0@ucsd.edu,2
Gabie Tocknell,gtocknellq1@photobucket.com,2
Rhys Neeson,rneesonq2@zdnet.com,1
Alvan McGurn,amcgurnq3@sfgate.com,1
Walliw Fossick,wfossickq4@ehow.com,1
Ingemar Ratray,iratrayq5@webeden.co.uk,2
Dionis Annetts,dannettsq6@yellowbook.com,1
Emmi Pietranek,epietranekq7@yahoo.co.jp,1
Sabina Minghetti,sminghettiq8@hc360.com,2
Lilias Ahrendsen,lahrendsenq9@163.com,1
Silvan Motton,smottonqa@t-online.de,1
Millie Girardy,mgirardyqb@gizmodo.com,2
Jessie Sigfrid,jsigfridqc@surveymonkey.com,1
Che Rannigan,cranniganqd@ameblo.jp,2
Chelsy Rupp,cruppqe@furl.net,2
Hewie Warke,hwarkeqf@auda.org.au,2
Thomasine Friman,tfrimanqg@timesonline.co.uk,2
Amelina Dederich,adederichqh@go.com,1
Dorris Crottagh,dcrottaghqi@microsoft.com,2
Oliy Olekhov,oolekhovqj@slideshare.net,1
Tremain Setford,tsetfordqk@1und1.de,2
Johnathan Berridge,jberridgeql@google.nl,1
Miquela McAllan,mmcallanqm@joomla.org,1
Rockey Sunners,rsunnersqn@answers.com,1
Jessica Whitley,jwhitleyqo@dailymail.co.uk,2
Maxwell Skeeles,mskeelesqp@cargocollective.com,2
Cherrita Dowdell,cdowdellqq@google.de,2
Merrill Heyfield,mheyfieldqr@adobe.com,1
Micky Kittoe,mkittoeqs@mashable.com,1
Carmelita Carlson,ccarlsonqt@omniture.com,2
Gerrie Moehle,gmoehlequ@slideshare.net,2
Clemens Filipovic,cfilipovicqv@google.nl,1
Mallissa Chaffe,mchaffeqw@auda.org.au,2
Griswold Denney,gdenneyqx@blog.com,1
Lucius Jewess,ljewessqy@mozilla.com,2
Prudi Wyrill,pwyrillqz@linkedin.com,1
Eleanore Striker,estrikerr0@ucoz.ru,2
Penn Jouhandeau,pjouhandeaur1@vistaprint.com,1
Alair Fullwood,afullwoodr2@zdnet.com,1
Lu Birtonshaw,lbirtonshawr3@umich.edu,2
Crissy O'Brian,cobrianr4@hc360.com,1
Joell Every,jeveryr5@spotify.com,2
Jewel Fieldhouse,jfieldhouser6@studiopress.com,2
Buddy Hurdidge,bhurdidger7@patch.com,1
Nichol Kohler,nkohlerr8@youtu.be,1
Doy Finch,dfinchr9@stanford.edu,2
Alecia MacAirt,amacairtra@cargocollective.com,2
Nerita Becaris,nbecarisrb@vinaora.com,1
Davide Fulks,dfulksrc@mozilla.com,1
Allina Gladman,agladmanrd@webeden.co.uk,2
Michele Sevin,msevinre@wunderground.com,1
Bartel Karpets,bkarpetsrf@nsw.gov.au,2
Dorthy Laidler,dlaidlerrg@topsy.com,1
Chilton Brion,cbrionrh@springer.com,2
Clary Dyhouse,cdyhouseri@mac.com,1
Rosabel Balsellie,rbalsellierj@fastcompany.com,1
Roderigo MacMeekan,rmacmeekanrk@github.io,1
Bryn Simoneschi,bsimoneschirl@xinhuanet.com,1
Mathe Anderton,mandertonrm@blogspot.com,1
Jerry Fores,jforesrn@pen.io,1
Alyse Ledster,aledsterro@bbc.co.uk,2
Lucy Blofield,lblofieldrp@hibu.com,2
Jodee Boud,jboudrq@admin.ch,2
Evyn Kissack,ekissackrr@smugmug.com,2
